{"cameraMode":{"drawMode":0,"name":"Shaded","section":"Shading Mode"},"sceneLighting":false,"audioPlay":false,"sceneViewState":{"m_AlwaysRefresh":false,"showFog":true,"showSkybox":false,"showFlares":true,"showImageEffects":true,"showParticleSystems":true,"showVisualEffectGraphs":true,"m_FxEnabled":true},"in2DMode":false,"pivot":{"x":106.36739349365235,"y":18.230554580688478,"z":15.508926391601563},"rotation":{"x":-0.06294804811477661,"y":-0.02544989436864853,"z":0.0016044087242335082,"w":-0.9976998567581177},"size":260.02642822265627,"orthographic":true}